disease,symptoms
fungal infection,"itching, skin rash, nodal skin eruptions, dischromic  patches"
fungal infection,"skin rash, nodal skin eruptions, dischromic  patches"
fungal infection,"itching, nodal skin eruptions, dischromic  patches"
fungal infection,"itching, skin rash, dischromic  patches"
fungal infection,"itching, skin rash, nodal skin eruptions"
allergy,"continuous sneezing, shivering, chills, watering from eyes"
allergy,"shivering, chills, watering from eyes"
allergy,"continuous sneezing, chills, watering from eyes"
allergy,"continuous sneezing, shivering, watering from eyes"
allergy,"continuous sneezing, shivering, chills"
gerd,"stomach pain, acidity, ulcers on tongue, vomiting, cough, chest pain"
gerd,"stomach pain, ulcers on tongue, vomiting, cough, chest pain"
gerd,"stomach pain, acidity, vomiting, cough, chest pain"
gerd,"stomach pain, acidity, ulcers on tongue, cough, chest pain"
gerd,"stomach pain, acidity, ulcers on tongue, vomiting, chest pain"
gerd,"stomach pain, acidity, ulcers on tongue, vomiting, cough"
gerd,"acidity, ulcers on tongue, vomiting, cough, chest pain"
chronic cholestasis,"itching, vomiting, yellowish skin, nausea, loss of appetite, abdominal pain, yellowing of eyes"
chronic cholestasis,"vomiting, yellowish skin, nausea, loss of appetite, abdominal pain, yellowing of eyes"
chronic cholestasis,"itching, yellowish skin, nausea, loss of appetite, abdominal pain, yellowing of eyes"
chronic cholestasis,"itching, vomiting, nausea, loss of appetite, abdominal pain, yellowing of eyes"
chronic cholestasis,"itching, vomiting, yellowish skin, loss of appetite, abdominal pain, yellowing of eyes"
chronic cholestasis,"itching, vomiting, yellowish skin, nausea, abdominal pain, yellowing of eyes"
chronic cholestasis,"itching, vomiting, yellowish skin, nausea, loss of appetite, yellowing of eyes"
chronic cholestasis,"itching, vomiting, yellowish skin, nausea, loss of appetite, abdominal pain"
drug reaction,"itching, skin rash, stomach pain, burning micturition, spotting  urination"
drug reaction,"itching, stomach pain, burning micturition, spotting  urination"
drug reaction,"itching, skin rash, burning micturition, spotting  urination"
drug reaction,"itching, skin rash, stomach pain, spotting  urination"
drug reaction,"itching, skin rash, stomach pain, burning micturition"
drug reaction,"skin rash, stomach pain, burning micturition, spotting  urination"
peptic ulcer diseae,"vomiting, loss of appetite, abdominal pain, passage of gases, internal itching"
peptic ulcer diseae,"vomiting, indigestion, abdominal pain, passage of gases, internal itching"
peptic ulcer diseae,"indigestion, loss of appetite, abdominal pain, passage of gases, internal itching"
peptic ulcer diseae,"vomiting, indigestion, loss of appetite, passage of gases, internal itching"
peptic ulcer diseae,"vomiting, indigestion, loss of appetite, abdominal pain, internal itching"
peptic ulcer diseae,"vomiting, indigestion, loss of appetite, abdominal pain, passage of gases"
peptic ulcer diseae,"vomiting, indigestion, loss of appetite, abdominal pain, passage of gases, internal itching"
aids,"muscle wasting, patches in throat, high fever, extra marital contacts"
aids,"patches in throat, high fever, extra marital contacts"
aids,"muscle wasting, high fever, extra marital contacts"
aids,"muscle wasting, patches in throat, extra marital contacts"
aids,"muscle wasting, patches in throat, high fever"
diabetes,"fatigue, weight loss, restlessness, lethargy, irregular sugar level, blurred and distorted vision, obesity, excessive hunger, increased appetite, polyuria"
diabetes,"weight loss, restlessness, lethargy, irregular sugar level, blurred and distorted vision, obesity, excessive hunger, increased appetite, polyuria"
diabetes,"fatigue, restlessness, lethargy, irregular sugar level, blurred and distorted vision, obesity, excessive hunger, increased appetite, polyuria"
diabetes,"fatigue, weight loss, lethargy, irregular sugar level, blurred and distorted vision, obesity, excessive hunger, increased appetite, polyuria"
diabetes,"fatigue, weight loss, restlessness, irregular sugar level, blurred and distorted vision, obesity, excessive hunger, increased appetite, polyuria"
diabetes,"fatigue, weight loss, restlessness, lethargy, blurred and distorted vision, obesity, excessive hunger, increased appetite, polyuria"
diabetes,"fatigue, weight loss, restlessness, lethargy, irregular sugar level, obesity, excessive hunger, increased appetite, polyuria"
diabetes,"fatigue, weight loss, restlessness, lethargy, irregular sugar level, blurred and distorted vision, excessive hunger, increased appetite, polyuria"
diabetes,"fatigue, weight loss, restlessness, lethargy, irregular sugar level, blurred and distorted vision, obesity, increased appetite, polyuria"
gastroenteritis,"vomiting, sunken eyes, dehydration, diarrhoea"
gastroenteritis,"sunken eyes, dehydration, diarrhoea"
gastroenteritis,"vomiting, dehydration, diarrhoea"
gastroenteritis,"vomiting, sunken eyes, diarrhoea"
gastroenteritis,"vomiting, sunken eyes, dehydration"
bronchial asthma,"fatigue, cough, high fever, breathlessness, family history, mucoid sputum"
bronchial asthma,"cough, high fever, breathlessness, family history, mucoid sputum"
bronchial asthma,"fatigue, high fever, breathlessness, family history, mucoid sputum"
bronchial asthma,"fatigue, cough, breathlessness, family history, mucoid sputum"
bronchial asthma,"fatigue, cough, high fever, family history, mucoid sputum"
bronchial asthma,"fatigue, cough, high fever, breathlessness, mucoid sputum"
bronchial asthma,"fatigue, cough, high fever, breathlessness, family history"
hypertension,"headache, chest pain, dizziness, loss of balance, lack of concentration"
hypertension,"chest pain, dizziness, loss of balance, lack of concentration"
hypertension,"headache, dizziness, loss of balance, lack of concentration"
hypertension,"headache, chest pain, loss of balance, lack of concentration"
hypertension,"headache, chest pain, dizziness, lack of concentration"
hypertension,"headache, chest pain, dizziness, loss of balance"
migraine,"acidity, indigestion, headache, blurred and distorted vision, excessive hunger, stiff neck, depression, irritability, visual disturbances"
migraine,"indigestion, headache, blurred and distorted vision, excessive hunger, stiff neck, depression, irritability, visual disturbances"
migraine,"acidity, headache, blurred and distorted vision, excessive hunger, stiff neck, depression, irritability, visual disturbances"
migraine,"acidity, indigestion, blurred and distorted vision, excessive hunger, stiff neck, depression, irritability, visual disturbances"
migraine,"acidity, indigestion, headache, excessive hunger, stiff neck, depression, irritability, visual disturbances"
migraine,"acidity, indigestion, headache, blurred and distorted vision, stiff neck, depression, irritability, visual disturbances"
migraine,"acidity, indigestion, headache, blurred and distorted vision, excessive hunger, depression, irritability, visual disturbances"
migraine,"acidity, indigestion, headache, blurred and distorted vision, excessive hunger, stiff neck, irritability, visual disturbances"
migraine,"acidity, indigestion, headache, blurred and distorted vision, excessive hunger, stiff neck, depression, visual disturbances"
migraine,"acidity, indigestion, headache, blurred and distorted vision, excessive hunger, stiff neck, depression, irritability"
cervical spondylosis,"back pain, weakness in limbs, neck pain, dizziness, loss of balance"
cervical spondylosis,"weakness in limbs, neck pain, dizziness, loss of balance"
cervical spondylosis,"back pain, neck pain, dizziness, loss of balance"
cervical spondylosis,"back pain, weakness in limbs, dizziness, loss of balance"
cervical spondylosis,"back pain, weakness in limbs, neck pain, loss of balance"
cervical spondylosis,"back pain, weakness in limbs, neck pain, dizziness"
paralysis (brain hemorrhage),"vomiting, headache, weakness of one body side, altered sensorium"
paralysis (brain hemorrhage),"headache, weakness of one body side, altered sensorium"
paralysis (brain hemorrhage),"vomiting, weakness of one body side, altered sensorium"
paralysis (brain hemorrhage),"vomiting, headache, altered sensorium"
paralysis (brain hemorrhage),"vomiting, headache, weakness of one body side"
jaundice,"itching, vomiting, fatigue, weight loss, high fever, yellowish skin, dark urine, abdominal pain"
jaundice,"vomiting, fatigue, weight loss, high fever, yellowish skin, dark urine, abdominal pain"
jaundice,"itching, fatigue, weight loss, high fever, yellowish skin, dark urine, abdominal pain"
jaundice,"itching, vomiting, weight loss, high fever, yellowish skin, dark urine, abdominal pain"
jaundice,"itching, vomiting, fatigue, high fever, yellowish skin, dark urine, abdominal pain"
jaundice,"itching, vomiting, fatigue, weight loss, yellowish skin, dark urine, abdominal pain"
jaundice,"itching, vomiting, fatigue, weight loss, high fever, dark urine, abdominal pain"
jaundice,"itching, vomiting, fatigue, weight loss, high fever, yellowish skin, abdominal pain"
jaundice,"itching, vomiting, fatigue, weight loss, high fever, yellowish skin, dark urine"
malaria,"chills, vomiting, high fever, sweating, headache, nausea, muscle pain"
malaria,"chills, vomiting, high fever, sweating, headache, nausea, diarrhoea, muscle pain"
malaria,"vomiting, high fever, sweating, headache, nausea, diarrhoea, muscle pain"
malaria,"chills, high fever, sweating, headache, nausea, diarrhoea, muscle pain"
malaria,"chills, vomiting, sweating, headache, nausea, diarrhoea, muscle pain"
malaria,"chills, vomiting, high fever, headache, nausea, diarrhoea, muscle pain"
malaria,"chills, vomiting, high fever, sweating, nausea, diarrhoea, muscle pain"
malaria,"chills, vomiting, high fever, sweating, headache, diarrhoea, muscle pain"
chicken pox,"itching, skin rash, fatigue, lethargy, high fever, headache, loss of appetite, mild fever, swelled lymph nodes, malaise, red spots over body"
chicken pox,"skin rash, fatigue, lethargy, high fever, headache, loss of appetite, mild fever, swelled lymph nodes, malaise, red spots over body"
chicken pox,"itching, fatigue, lethargy, high fever, headache, loss of appetite, mild fever, swelled lymph nodes, malaise, red spots over body"
chicken pox,"itching, skin rash, lethargy, high fever, headache, loss of appetite, mild fever, swelled lymph nodes, malaise, red spots over body"
chicken pox,"itching, skin rash, fatigue, high fever, headache, loss of appetite, mild fever, swelled lymph nodes, malaise, red spots over body"
chicken pox,"itching, skin rash, fatigue, lethargy, headache, loss of appetite, mild fever, swelled lymph nodes, malaise, red spots over body"
chicken pox,"itching, skin rash, fatigue, lethargy, high fever, loss of appetite, mild fever, swelled lymph nodes, malaise, red spots over body"
chicken pox,"itching, skin rash, fatigue, lethargy, high fever, headache, mild fever, swelled lymph nodes, malaise, red spots over body"
chicken pox,"itching, skin rash, fatigue, lethargy, high fever, headache, loss of appetite, swelled lymph nodes, malaise, red spots over body"
chicken pox,"itching, skin rash, fatigue, lethargy, high fever, headache, loss of appetite, mild fever, malaise, red spots over body"
dengue,"skin rash, chills, joint pain, vomiting, fatigue, high fever, headache, nausea, loss of appetite, pain behind the eyes, back pain, muscle pain, red spots over body"
dengue,"skin rash, chills, joint pain, vomiting, fatigue, high fever, headache, nausea, loss of appetite, pain behind the eyes, back pain, malaise, red spots over body"
dengue,"skin rash, chills, joint pain, vomiting, fatigue, high fever, headache, nausea, loss of appetite, pain behind the eyes, back pain, malaise, muscle pain"
dengue,"skin rash, chills, joint pain, vomiting, fatigue, high fever, headache, nausea, loss of appetite, pain behind the eyes, back pain, malaise, muscle pain, red spots over body"
dengue,"chills, joint pain, vomiting, fatigue, high fever, headache, nausea, loss of appetite, pain behind the eyes, back pain, malaise, muscle pain, red spots over body"
dengue,"skin rash, joint pain, vomiting, fatigue, high fever, headache, nausea, loss of appetite, pain behind the eyes, back pain, malaise, muscle pain, red spots over body"
dengue,"skin rash, chills, vomiting, fatigue, high fever, headache, nausea, loss of appetite, pain behind the eyes, back pain, malaise, muscle pain, red spots over body"
dengue,"skin rash, chills, joint pain, fatigue, high fever, headache, nausea, loss of appetite, pain behind the eyes, back pain, malaise, muscle pain, red spots over body"
dengue,"skin rash, chills, joint pain, vomiting, high fever, headache, nausea, loss of appetite, pain behind the eyes, back pain, malaise, muscle pain, red spots over body"
dengue,"skin rash, chills, joint pain, vomiting, fatigue, headache, nausea, loss of appetite, pain behind the eyes, back pain, malaise, muscle pain, red spots over body"
typhoid,"chills, vomiting, fatigue, high fever, nausea, constipation, abdominal pain, diarrhoea, toxic look (typhos), belly pain"
typhoid,"chills, vomiting, fatigue, high fever, headache, constipation, abdominal pain, diarrhoea, toxic look (typhos), belly pain"
typhoid,"chills, vomiting, fatigue, high fever, headache, nausea, abdominal pain, diarrhoea, toxic look (typhos), belly pain"
typhoid,"chills, vomiting, fatigue, high fever, headache, nausea, constipation, diarrhoea, toxic look (typhos), belly pain"
typhoid,"chills, vomiting, fatigue, high fever, headache, nausea, constipation, abdominal pain, toxic look (typhos), belly pain"
typhoid,"chills, vomiting, fatigue, high fever, headache, nausea, constipation, abdominal pain, diarrhoea, belly pain"
typhoid,"chills, vomiting, fatigue, high fever, headache, nausea, constipation, abdominal pain, diarrhoea, toxic look (typhos)"
typhoid,"chills, vomiting, fatigue, high fever, headache, nausea, constipation, abdominal pain, diarrhoea, toxic look (typhos), belly pain"
typhoid,"chills, fatigue, high fever, headache, nausea, constipation, abdominal pain, diarrhoea, toxic look (typhos), belly pain"
hepatitis a,"joint pain, vomiting, yellowish skin, dark urine, nausea, loss of appetite, abdominal pain, diarrhoea, mild fever, yellowing of eyes, muscle pain"
hepatitis a,"vomiting, yellowish skin, dark urine, nausea, loss of appetite, abdominal pain, diarrhoea, mild fever, yellowing of eyes, muscle pain"
hepatitis a,"joint pain, yellowish skin, dark urine, nausea, loss of appetite, abdominal pain, diarrhoea, mild fever, yellowing of eyes, muscle pain"
hepatitis a,"joint pain, vomiting, dark urine, nausea, loss of appetite, abdominal pain, diarrhoea, mild fever, yellowing of eyes, muscle pain"
hepatitis a,"joint pain, vomiting, yellowish skin, nausea, loss of appetite, abdominal pain, diarrhoea, mild fever, yellowing of eyes, muscle pain"
hepatitis a,"joint pain, vomiting, yellowish skin, dark urine, loss of appetite, abdominal pain, diarrhoea, mild fever, yellowing of eyes, muscle pain"
hepatitis a,"joint pain, vomiting, yellowish skin, dark urine, nausea, abdominal pain, diarrhoea, mild fever, yellowing of eyes, muscle pain"
hepatitis a,"joint pain, vomiting, yellowish skin, dark urine, nausea, loss of appetite, diarrhoea, mild fever, yellowing of eyes, muscle pain"
hepatitis a,"joint pain, vomiting, yellowish skin, dark urine, nausea, loss of appetite, abdominal pain, mild fever, yellowing of eyes, muscle pain"
hepatitis b,"itching, fatigue, lethargy, yellowish skin, dark urine, loss of appetite, abdominal pain, yellow urine, yellowing of eyes, malaise, receiving blood transfusion, receiving unsterile injections"
hepatitis b,"fatigue, lethargy, yellowish skin, dark urine, loss of appetite, abdominal pain, yellow urine, yellowing of eyes, malaise, receiving blood transfusion, receiving unsterile injections"
hepatitis b,"itching, lethargy, yellowish skin, dark urine, loss of appetite, abdominal pain, yellow urine, yellowing of eyes, malaise, receiving blood transfusion, receiving unsterile injections"
hepatitis b,"itching, fatigue, yellowish skin, dark urine, loss of appetite, abdominal pain, yellow urine, yellowing of eyes, malaise, receiving blood transfusion, receiving unsterile injections"
hepatitis b,"itching, fatigue, lethargy, dark urine, loss of appetite, abdominal pain, yellow urine, yellowing of eyes, malaise, receiving blood transfusion, receiving unsterile injections"
hepatitis b,"itching, fatigue, lethargy, yellowish skin, loss of appetite, abdominal pain, yellow urine, yellowing of eyes, malaise, receiving blood transfusion, receiving unsterile injections"
hepatitis b,"itching, fatigue, lethargy, yellowish skin, dark urine, abdominal pain, yellow urine, yellowing of eyes, malaise, receiving blood transfusion, receiving unsterile injections"
hepatitis b,"itching, fatigue, lethargy, yellowish skin, dark urine, loss of appetite, yellow urine, yellowing of eyes, malaise, receiving blood transfusion, receiving unsterile injections"
hepatitis b,"itching, fatigue, lethargy, yellowish skin, dark urine, loss of appetite, abdominal pain, yellowing of eyes, malaise, receiving blood transfusion, receiving unsterile injections"
hepatitis c,"fatigue, yellowish skin, nausea, loss of appetite, family history"
hepatitis c,"fatigue, yellowish skin, nausea, loss of appetite, yellowing of eyes, family history"
hepatitis c,"yellowish skin, nausea, loss of appetite, yellowing of eyes, family history"
hepatitis c,"fatigue, nausea, loss of appetite, yellowing of eyes, family history"
hepatitis c,"fatigue, yellowish skin, loss of appetite, yellowing of eyes, family history"
hepatitis c,"fatigue, yellowish skin, nausea, yellowing of eyes, family history"
hepatitis c,"fatigue, yellowish skin, nausea, loss of appetite, yellowing of eyes"
hepatitis d,"joint pain, vomiting, fatigue, yellowish skin, dark urine, nausea, loss of appetite, abdominal pain, yellowing of eyes"
hepatitis d,"vomiting, fatigue, yellowish skin, dark urine, nausea, loss of appetite, abdominal pain, yellowing of eyes"
hepatitis d,"joint pain, fatigue, yellowish skin, dark urine, nausea, loss of appetite, abdominal pain, yellowing of eyes"
hepatitis d,"joint pain, vomiting, yellowish skin, dark urine, nausea, loss of appetite, abdominal pain, yellowing of eyes"
hepatitis d,"joint pain, vomiting, fatigue, dark urine, nausea, loss of appetite, abdominal pain, yellowing of eyes"
hepatitis d,"joint pain, vomiting, fatigue, yellowish skin, nausea, loss of appetite, abdominal pain, yellowing of eyes"
hepatitis d,"joint pain, vomiting, fatigue, yellowish skin, dark urine, loss of appetite, abdominal pain, yellowing of eyes"
hepatitis d,"joint pain, vomiting, fatigue, yellowish skin, dark urine, nausea, abdominal pain, yellowing of eyes"
hepatitis d,"joint pain, vomiting, fatigue, yellowish skin, dark urine, nausea, loss of appetite, yellowing of eyes"
hepatitis d,"joint pain, vomiting, fatigue, yellowish skin, dark urine, nausea, loss of appetite, abdominal pain"
hepatitis e,"joint pain, vomiting, fatigue, high fever, yellowish skin, dark urine, nausea, loss of appetite, abdominal pain, yellowing of eyes, coma, stomach bleeding"
hepatitis e,"joint pain, vomiting, fatigue, high fever, yellowish skin, dark urine, nausea, loss of appetite, abdominal pain, yellowing of eyes, acute liver failure, coma, stomach bleeding"
hepatitis e,"vomiting, fatigue, high fever, yellowish skin, dark urine, nausea, loss of appetite, abdominal pain, yellowing of eyes, acute liver failure, coma, stomach bleeding"
hepatitis e,"joint pain, fatigue, high fever, yellowish skin, dark urine, nausea, loss of appetite, abdominal pain, yellowing of eyes, acute liver failure, coma, stomach bleeding"
hepatitis e,"joint pain, vomiting, high fever, yellowish skin, dark urine, nausea, loss of appetite, abdominal pain, yellowing of eyes, acute liver failure, coma, stomach bleeding"
hepatitis e,"joint pain, vomiting, fatigue, yellowish skin, dark urine, nausea, loss of appetite, abdominal pain, yellowing of eyes, acute liver failure, coma, stomach bleeding"
hepatitis e,"joint pain, vomiting, fatigue, high fever, dark urine, nausea, loss of appetite, abdominal pain, yellowing of eyes, acute liver failure, coma, stomach bleeding"
hepatitis e,"joint pain, vomiting, fatigue, high fever, yellowish skin, nausea, loss of appetite, abdominal pain, yellowing of eyes, acute liver failure, coma, stomach bleeding"
hepatitis e,"joint pain, vomiting, fatigue, high fever, yellowish skin, dark urine, loss of appetite, abdominal pain, yellowing of eyes, acute liver failure, coma, stomach bleeding"
alcoholic hepatitis,"vomiting, yellowish skin, abdominal pain, swelling of stomach, distention of abdomen, history of alcohol consumption, fluid overload"
alcoholic hepatitis,"yellowish skin, abdominal pain, swelling of stomach, distention of abdomen, history of alcohol consumption, fluid overload"
alcoholic hepatitis,"vomiting, abdominal pain, swelling of stomach, distention of abdomen, history of alcohol consumption, fluid overload"
alcoholic hepatitis,"vomiting, yellowish skin, swelling of stomach, distention of abdomen, history of alcohol consumption, fluid overload"
alcoholic hepatitis,"vomiting, yellowish skin, abdominal pain, distention of abdomen, history of alcohol consumption, fluid overload"
alcoholic hepatitis,"vomiting, yellowish skin, abdominal pain, swelling of stomach, history of alcohol consumption, fluid overload"
alcoholic hepatitis,"vomiting, yellowish skin, abdominal pain, swelling of stomach, distention of abdomen, fluid overload"
alcoholic hepatitis,"vomiting, yellowish skin, abdominal pain, swelling of stomach, distention of abdomen, history of alcohol consumption"
tuberculosis,"chills, vomiting, fatigue, weight loss, cough, high fever, breathlessness, sweating, loss of appetite, mild fever, yellowing of eyes, swelled lymph nodes, malaise, phlegm, chest pain, blood in sputum"
tuberculosis,"vomiting, fatigue, weight loss, cough, high fever, breathlessness, sweating, loss of appetite, mild fever, yellowing of eyes, swelled lymph nodes, malaise, phlegm, chest pain, blood in sputum"
tuberculosis,"chills, fatigue, weight loss, cough, high fever, breathlessness, sweating, loss of appetite, mild fever, yellowing of eyes, swelled lymph nodes, malaise, phlegm, chest pain, blood in sputum"
tuberculosis,"chills, vomiting, weight loss, cough, high fever, breathlessness, sweating, loss of appetite, mild fever, yellowing of eyes, swelled lymph nodes, malaise, phlegm, chest pain, blood in sputum"
tuberculosis,"chills, vomiting, fatigue, cough, high fever, breathlessness, sweating, loss of appetite, mild fever, yellowing of eyes, swelled lymph nodes, malaise, phlegm, chest pain, blood in sputum"
tuberculosis,"chills, vomiting, fatigue, weight loss, high fever, breathlessness, sweating, loss of appetite, mild fever, yellowing of eyes, swelled lymph nodes, malaise, phlegm, chest pain, blood in sputum"
tuberculosis,"chills, vomiting, fatigue, weight loss, cough, breathlessness, sweating, loss of appetite, mild fever, yellowing of eyes, swelled lymph nodes, malaise, phlegm, chest pain, blood in sputum"
tuberculosis,"chills, vomiting, fatigue, weight loss, cough, high fever, sweating, loss of appetite, mild fever, yellowing of eyes, swelled lymph nodes, malaise, phlegm, chest pain, blood in sputum"
tuberculosis,"chills, vomiting, fatigue, weight loss, cough, high fever, breathlessness, loss of appetite, mild fever, yellowing of eyes, swelled lymph nodes, malaise, phlegm, chest pain, blood in sputum"
common cold,"continuous sneezing, chills, fatigue, cough, high fever, headache, swelled lymph nodes, malaise, phlegm, throat irritation, redness of eyes, sinus pressure, runny nose, congestion, chest pain, loss of smell, muscle pain"
common cold,"chills, fatigue, cough, high fever, headache, swelled lymph nodes, malaise, phlegm, throat irritation, redness of eyes, sinus pressure, runny nose, congestion, chest pain, loss of smell, muscle pain"
common cold,"continuous sneezing, fatigue, cough, high fever, headache, swelled lymph nodes, malaise, phlegm, throat irritation, redness of eyes, sinus pressure, runny nose, congestion, chest pain, loss of smell, muscle pain"
common cold,"continuous sneezing, chills, cough, high fever, headache, swelled lymph nodes, malaise, phlegm, throat irritation, redness of eyes, sinus pressure, runny nose, congestion, chest pain, loss of smell, muscle pain"
common cold,"continuous sneezing, chills, fatigue, high fever, headache, swelled lymph nodes, malaise, phlegm, throat irritation, redness of eyes, sinus pressure, runny nose, congestion, chest pain, loss of smell, muscle pain"
common cold,"continuous sneezing, chills, fatigue, cough, headache, swelled lymph nodes, malaise, phlegm, throat irritation, redness of eyes, sinus pressure, runny nose, congestion, chest pain, loss of smell, muscle pain"
common cold,"continuous sneezing, chills, fatigue, cough, high fever, swelled lymph nodes, malaise, phlegm, throat irritation, redness of eyes, sinus pressure, runny nose, congestion, chest pain, loss of smell, muscle pain"
common cold,"continuous sneezing, chills, fatigue, cough, high fever, headache, malaise, phlegm, throat irritation, redness of eyes, sinus pressure, runny nose, congestion, chest pain, loss of smell, muscle pain"
common cold,"continuous sneezing, chills, fatigue, cough, high fever, headache, swelled lymph nodes, phlegm, throat irritation, redness of eyes, sinus pressure, runny nose, congestion, chest pain, loss of smell, muscle pain"
pneumonia,"chills, fatigue, cough, high fever, breathlessness, sweating, malaise, chest pain, fast heart rate, rusty sputum"
pneumonia,"chills, fatigue, cough, high fever, breathlessness, sweating, malaise, phlegm, chest pain, fast heart rate, rusty sputum"
pneumonia,"fatigue, cough, high fever, breathlessness, sweating, malaise, phlegm, chest pain, fast heart rate, rusty sputum"
pneumonia,"chills, cough, high fever, breathlessness, sweating, malaise, phlegm, chest pain, fast heart rate, rusty sputum"
pneumonia,"chills, fatigue, high fever, breathlessness, sweating, malaise, phlegm, chest pain, fast heart rate, rusty sputum"
pneumonia,"chills, fatigue, cough, breathlessness, sweating, malaise, phlegm, chest pain, fast heart rate, rusty sputum"
pneumonia,"chills, fatigue, cough, high fever, sweating, malaise, phlegm, chest pain, fast heart rate, rusty sputum"
pneumonia,"chills, fatigue, cough, high fever, breathlessness, malaise, phlegm, chest pain, fast heart rate, rusty sputum"
pneumonia,"chills, fatigue, cough, high fever, breathlessness, sweating, phlegm, chest pain, fast heart rate, rusty sputum"
dimorphic hemmorhoids(piles),"constipation, pain during bowel movements, pain in anal region, bloody stool, irritation in anus"
dimorphic hemmorhoids(piles),"pain during bowel movements, pain in anal region, bloody stool, irritation in anus"
dimorphic hemmorhoids(piles),"constipation, pain in anal region, bloody stool, irritation in anus"
dimorphic hemmorhoids(piles),"constipation, pain during bowel movements, bloody stool, irritation in anus"
dimorphic hemmorhoids(piles),"constipation, pain during bowel movements, pain in anal region, irritation in anus"
dimorphic hemmorhoids(piles),"constipation, pain during bowel movements, pain in anal region, bloody stool"
heart attack,"vomiting, breathlessness, sweating, chest pain"
heart attack,"breathlessness, sweating, chest pain"
heart attack,"vomiting, sweating, chest pain"
heart attack,"vomiting, breathlessness, chest pain"
heart attack,"vomiting, breathlessness, sweating"
varicose veins,"fatigue, cramps, bruising, obesity, swollen legs, swollen blood vessels, prominent veins on calf"
varicose veins,"cramps, bruising, obesity, swollen legs, swollen blood vessels, prominent veins on calf"
varicose veins,"fatigue, bruising, obesity, swollen legs, swollen blood vessels, prominent veins on calf"
varicose veins,"fatigue, cramps, obesity, swollen legs, swollen blood vessels, prominent veins on calf"
varicose veins,"fatigue, cramps, bruising, swollen legs, swollen blood vessels, prominent veins on calf"
varicose veins,"fatigue, cramps, bruising, obesity, swollen blood vessels, prominent veins on calf"
varicose veins,"fatigue, cramps, bruising, obesity, swollen legs, prominent veins on calf"
varicose veins,"fatigue, cramps, bruising, obesity, swollen legs, swollen blood vessels"
hypothyroidism,"fatigue, weight gain, cold hands and feets, mood swings, lethargy, dizziness, puffy face and eyes, enlarged thyroid, brittle nails, swollen extremeties, depression, irritability, abnormal menstruation"
hypothyroidism,"weight gain, cold hands and feets, mood swings, lethargy, dizziness, puffy face and eyes, enlarged thyroid, brittle nails, swollen extremeties, depression, irritability, abnormal menstruation"
hypothyroidism,"fatigue, cold hands and feets, mood swings, lethargy, dizziness, puffy face and eyes, enlarged thyroid, brittle nails, swollen extremeties, depression, irritability, abnormal menstruation"
hypothyroidism,"fatigue, weight gain, mood swings, lethargy, dizziness, puffy face and eyes, enlarged thyroid, brittle nails, swollen extremeties, depression, irritability, abnormal menstruation"
hypothyroidism,"fatigue, weight gain, cold hands and feets, lethargy, dizziness, puffy face and eyes, enlarged thyroid, brittle nails, swollen extremeties, depression, irritability, abnormal menstruation"
hypothyroidism,"fatigue, weight gain, cold hands and feets, mood swings, dizziness, puffy face and eyes, enlarged thyroid, brittle nails, swollen extremeties, depression, irritability, abnormal menstruation"
hypothyroidism,"fatigue, weight gain, cold hands and feets, mood swings, lethargy, puffy face and eyes, enlarged thyroid, brittle nails, swollen extremeties, depression, irritability, abnormal menstruation"
hypothyroidism,"fatigue, weight gain, cold hands and feets, mood swings, lethargy, dizziness, enlarged thyroid, brittle nails, swollen extremeties, depression, irritability, abnormal menstruation"
hyperthyroidism,"fatigue, mood swings, weight loss, restlessness, sweating, diarrhoea, fast heart rate, excessive hunger, muscle weakness, irritability, abnormal menstruation"
hyperthyroidism,"mood swings, weight loss, restlessness, sweating, diarrhoea, fast heart rate, excessive hunger, muscle weakness, irritability, abnormal menstruation"
hyperthyroidism,"fatigue, weight loss, restlessness, sweating, diarrhoea, fast heart rate, excessive hunger, muscle weakness, irritability, abnormal menstruation"
hyperthyroidism,"fatigue, mood swings, restlessness, sweating, diarrhoea, fast heart rate, excessive hunger, muscle weakness, irritability, abnormal menstruation"
hyperthyroidism,"fatigue, mood swings, weight loss, sweating, diarrhoea, fast heart rate, excessive hunger, muscle weakness, irritability, abnormal menstruation"
hyperthyroidism,"fatigue, mood swings, weight loss, restlessness, diarrhoea, fast heart rate, excessive hunger, muscle weakness, irritability, abnormal menstruation"
hyperthyroidism,"fatigue, mood swings, weight loss, restlessness, sweating, fast heart rate, excessive hunger, muscle weakness, irritability, abnormal menstruation"
hyperthyroidism,"fatigue, mood swings, weight loss, restlessness, sweating, diarrhoea, excessive hunger, muscle weakness, irritability, abnormal menstruation"
hyperthyroidism,"fatigue, mood swings, weight loss, restlessness, sweating, diarrhoea, fast heart rate, muscle weakness, irritability, abnormal menstruation"
hypoglycemia,"vomiting, fatigue, anxiety, sweating, headache, nausea, blurred and distorted vision, excessive hunger, slurred speech, irritability, palpitations"
hypoglycemia,"vomiting, fatigue, anxiety, sweating, headache, nausea, blurred and distorted vision, excessive hunger, drying and tingling lips, slurred speech, irritability, palpitations"
hypoglycemia,"fatigue, anxiety, sweating, headache, nausea, blurred and distorted vision, excessive hunger, drying and tingling lips, slurred speech, irritability, palpitations"
hypoglycemia,"vomiting, anxiety, sweating, headache, nausea, blurred and distorted vision, excessive hunger, drying and tingling lips, slurred speech, irritability, palpitations"
hypoglycemia,"vomiting, fatigue, sweating, headache, nausea, blurred and distorted vision, excessive hunger, drying and tingling lips, slurred speech, irritability, palpitations"
hypoglycemia,"vomiting, fatigue, anxiety, headache, nausea, blurred and distorted vision, excessive hunger, drying and tingling lips, slurred speech, irritability, palpitations"
hypoglycemia,"vomiting, fatigue, anxiety, sweating, nausea, blurred and distorted vision, excessive hunger, drying and tingling lips, slurred speech, irritability, palpitations"
hypoglycemia,"vomiting, fatigue, anxiety, sweating, headache, blurred and distorted vision, excessive hunger, drying and tingling lips, slurred speech, irritability, palpitations"
hypoglycemia,"vomiting, fatigue, anxiety, sweating, headache, nausea, excessive hunger, drying and tingling lips, slurred speech, irritability, palpitations"
osteoarthristis,"joint pain, neck pain, knee pain, hip joint pain, swelling joints, painful walking"
osteoarthristis,"neck pain, knee pain, hip joint pain, swelling joints, painful walking"
osteoarthristis,"joint pain, knee pain, hip joint pain, swelling joints, painful walking"
osteoarthristis,"joint pain, neck pain, hip joint pain, swelling joints, painful walking"
osteoarthristis,"joint pain, neck pain, knee pain, swelling joints, painful walking"
osteoarthristis,"joint pain, neck pain, knee pain, hip joint pain, painful walking"
osteoarthristis,"joint pain, neck pain, knee pain, hip joint pain, swelling joints"
arthritis,"muscle weakness, stiff neck, swelling joints, movement stiffness, painful walking"
arthritis,"stiff neck, swelling joints, movement stiffness, painful walking"
arthritis,"muscle weakness, swelling joints, movement stiffness, painful walking"
arthritis,"muscle weakness, stiff neck, movement stiffness, painful walking"
arthritis,"muscle weakness, stiff neck, swelling joints, painful walking"
arthritis,"muscle weakness, stiff neck, swelling joints, movement stiffness"
(vertigo) paroymsal  positional vertigo,"vomiting, headache, nausea, spinning movements, loss of balance, unsteadiness"
(vertigo) paroymsal  positional vertigo,"headache, nausea, spinning movements, loss of balance, unsteadiness"
(vertigo) paroymsal  positional vertigo,"vomiting, nausea, spinning movements, loss of balance, unsteadiness"
(vertigo) paroymsal  positional vertigo,"vomiting, headache, spinning movements, loss of balance, unsteadiness"
(vertigo) paroymsal  positional vertigo,"vomiting, headache, nausea, loss of balance, unsteadiness"
(vertigo) paroymsal  positional vertigo,"vomiting, headache, nausea, spinning movements, unsteadiness"
(vertigo) paroymsal  positional vertigo,"vomiting, headache, nausea, spinning movements, loss of balance"
acne,"skin rash, pus filled pimples, blackheads, scurring"
acne,"pus filled pimples, blackheads, scurring"
acne,"skin rash, blackheads, scurring"
acne,"skin rash, pus filled pimples, scurring"
acne,"skin rash, pus filled pimples, blackheads"
urinary tract infection,"burning micturition, bladder discomfort, foul smell of urine, continuous feel of urine"
urinary tract infection,"bladder discomfort, foul smell of urine, continuous feel of urine"
urinary tract infection,"burning micturition, foul smell of urine, continuous feel of urine"
urinary tract infection,"burning micturition, bladder discomfort, continuous feel of urine"
urinary tract infection,"burning micturition, bladder discomfort, foul smell of urine"
psoriasis,"skin rash, joint pain, skin peeling, silver like dusting, small dents in nails, inflammatory nails"
psoriasis,"joint pain, skin peeling, silver like dusting, small dents in nails, inflammatory nails"
psoriasis,"skin rash, skin peeling, silver like dusting, small dents in nails, inflammatory nails"
psoriasis,"skin rash, joint pain, silver like dusting, small dents in nails, inflammatory nails"
psoriasis,"skin rash, joint pain, skin peeling, small dents in nails, inflammatory nails"
psoriasis,"skin rash, joint pain, skin peeling, silver like dusting, inflammatory nails"
psoriasis,"skin rash, joint pain, skin peeling, silver like dusting, small dents in nails"
impetigo,"skin rash, high fever, blister, red sore around nose, yellow crust ooze"
impetigo,"high fever, blister, red sore around nose, yellow crust ooze"
impetigo,"skin rash, blister, red sore around nose, yellow crust ooze"
impetigo,"skin rash, high fever, red sore around nose, yellow crust ooze"
impetigo,"skin rash, high fever, blister, yellow crust ooze"
impetigo,"skin rash, high fever, blister, red sore around nose"
